PROVINCIA;CIUDAD
BUENOS AIRES;CABA
BUENOS AIRES;25 DE MAYO
BUENOS AIRES;9 DE JULIO
BUENOS AIRES;ACEVEDO
BUENOS AIRES;ADOLFO ALSINA
BUENOS AIRES;ADOLFO GONZALES CHAVES
BUENOS AIRES;ALBERTI
BUENOS AIRES;ALMIRANTE BROWN
BUENOS AIRES;ARRECIFES
BUENOS AIRES;AVELLANEDA
BUENOS AIRES;AYACUCHO
BUENOS AIRES;AZUL
BUENOS AIRES;BAHIA BLANCA
BUENOS AIRES;BALCARCE
BUENOS AIRES;BARADERO
BUENOS AIRES;BENITO JUAREZ
BUENOS AIRES;BERAZATEGUI
BUENOS AIRES;BERISSO
BUENOS AIRES;BOLIVAR
BUENOS AIRES;BRAGADO
BUENOS AIRES;BRANDSEN
BUENOS AIRES;BUENOS AIRES
BUENOS AIRES;CAMPANA
BUENOS AIRES;CAÑUELAS
BUENOS AIRES;CAPITAN SARMIENTO
BUENOS AIRES;CARLOS CASARES
BUENOS AIRES;CARLOS TEJEDOR
BUENOS AIRES;CARMEN DE ARECO
BUENOS AIRES;CASTELLI
BUENOS AIRES;CHACABUCO
BUENOS AIRES;CHASCOMUS
BUENOS AIRES;CHIVILCOY
BUENOS AIRES;COLON
BUENOS AIRES;CORONEL DE MARINA L ROSALES
BUENOS AIRES;CORONEL DORREGO
BUENOS AIRES;CORONEL PRINGLES
BUENOS AIRES;CORONEL SUAREZ
BUENOS AIRES;DAIREAUX
BUENOS AIRES;DOLORES
BUENOS AIRES;ENSENADA
BUENOS AIRES;ESCOBAR
BUENOS AIRES;ESTEBAN ECHEVERRIA
BUENOS AIRES;EXALTACION DE LA CRUZ
BUENOS AIRES;EZEIZA
BUENOS AIRES;FLORENCIO VARELA
BUENOS AIRES;FLORENTINO AMEGHINO
BUENOS AIRES;GENERAL ALVARADO
BUENOS AIRES;GENERAL ALVEAR
BUENOS AIRES;GENERAL ARENALES
BUENOS AIRES;GENERAL BELGRANO
BUENOS AIRES;GENERAL GUIDO
BUENOS AIRES;GENERAL JUAN MADARIAGA
BUENOS AIRES;GENERAL LA MADRID
BUENOS AIRES;GENERAL LAS HERAS
BUENOS AIRES;GENERAL LAVALLE
BUENOS AIRES;GENERAL PAZ
BUENOS AIRES;GENERAL PINTO
BUENOS AIRES;GENERAL PUEYRREDON
BUENOS AIRES;GENERAL RODRIGUEZ
BUENOS AIRES;GENERAL SAN MARTIN
BUENOS AIRES;GENERAL VIAMONTE
BUENOS AIRES;GENERAL VILLEGAS
BUENOS AIRES;GUAMINI
BUENOS AIRES;HIPOLITO YRIGOYEN
BUENOS AIRES;HURLINGHAM
BUENOS AIRES;ITUZAINGO
BUENOS AIRES;JOSE C PAZ
BUENOS AIRES;JUNIN
BUENOS AIRES;LA COSTA
BUENOS AIRES;LA MATANZA
BUENOS AIRES;LA PLATA
BUENOS AIRES;LA TABLADA
BUENOS AIRES;LANUS
BUENOS AIRES;LAPRIDA
BUENOS AIRES;LAS FLORES
BUENOS AIRES;LEANDRO N ALEM
BUENOS AIRES;LEZAMA
BUENOS AIRES;LINCOLN
BUENOS AIRES;LOBERIA
BUENOS AIRES;LOBOS
BUENOS AIRES;LOMAS DE ZAMORA
BUENOS AIRES;LUJAN
BUENOS AIRES;MAGDALENA
BUENOS AIRES;MAIPU
BUENOS AIRES;MALVINAS ARGENTINAS
BUENOS AIRES;MAR CHIQUITA
BUENOS AIRES;MARCOS PAZ
BUENOS AIRES;MERCEDES
BUENOS AIRES;MERLO
BUENOS AIRES;MONTE
BUENOS AIRES;MONTE HERMOSO
BUENOS AIRES;MORENO
BUENOS AIRES;MORON
BUENOS AIRES;NAVARRO
BUENOS AIRES;NECOCHEA
BUENOS AIRES;OLAVARRIA
BUENOS AIRES;PATAGONES
BUENOS AIRES;PEHUAJO
BUENOS AIRES;PELLEGRINI
BUENOS AIRES;PERGAMINO
BUENOS AIRES;PILA
BUENOS AIRES;PILAR
BUENOS AIRES;PINAMAR
BUENOS AIRES;PRESIDENTE PERON
BUENOS AIRES;PUAN
BUENOS AIRES;PUNTA INDIO
BUENOS AIRES;QUILMES
BUENOS AIRES;RAMALLO
BUENOS AIRES;RAUCH
BUENOS AIRES;RIVADAVIA
BUENOS AIRES;ROJAS
BUENOS AIRES;ROQUE PEREZ
BUENOS AIRES;SAAVEDRA
BUENOS AIRES;SALADILLO
BUENOS AIRES;SALLIQUELO
BUENOS AIRES;SALTO
BUENOS AIRES;SAN ANDRES DE GILES
BUENOS AIRES;SAN ANTONIO DE ARECO
BUENOS AIRES;SAN CAYETANO
BUENOS AIRES;SAN FERNANDO
BUENOS AIRES;SAN ISIDRO
BUENOS AIRES;SAN JUSTO
BUENOS AIRES;SAN MIGUEL
BUENOS AIRES;SAN NICOLAS
BUENOS AIRES;SAN PEDRO
BUENOS AIRES;SAN VICENTE
BUENOS AIRES;SUIPACHA
BUENOS AIRES;TANDIL
BUENOS AIRES;TAPALQUE
BUENOS AIRES;TIGRE
BUENOS AIRES;TORDILLO
BUENOS AIRES;TORNQUIST
BUENOS AIRES;TRENQUE LAUQUEN
BUENOS AIRES;TRES ARROYOS
BUENOS AIRES;TRES DE FEBRERO
BUENOS AIRES;TRES LOMAS
BUENOS AIRES;VICENTE LOPEZ
BUENOS AIRES;VILLA GESELL
BUENOS AIRES;VILLA LYNCH
BUENOS AIRES;VILLA SOLDATI
BUENOS AIRES;VILLARINO
BUENOS AIRES;ZARATE
CATAMARCA;AMBATO
CATAMARCA;ANCASTI
CATAMARCA;ANDALGALA
CATAMARCA;ANTOFAGASTA DE LA SIERRA
CATAMARCA;BELEN
CATAMARCA;CAPAYAN
CATAMARCA;CAPITAL
CATAMARCA;EL ALTO
CATAMARCA;FRAY MAMERTO ESQUIU
CATAMARCA;LA PAZ
CATAMARCA;PACLIN
CATAMARCA;POMAN
CATAMARCA;SANTA MARIA
CATAMARCA;SANTA ROSA
CATAMARCA;TINOGASTA
CATAMARCA;VALLE VIEJO
CHACO;1 DE MAYO
CHACO;12 DE OCTUBRE
CHACO;2 DE ABRIL
CHACO;25 DE MAYO
CHACO;9 DE JULIO
CHACO;ALMIRANTE BROWN
CHACO;BERMEJO
CHACO;CHACABUCO
CHACO;COMANDANTE FERNANDEZ
CHACO;FRAY JUSTO SANTA MARIA DE ORO
CHACO;GENERAL BELGRANO
CHACO;GENERAL DONOVAN
CHACO;GENERAL GUEMES
CHACO;INDEPENDENCIA
CHACO;LIBERTAD
CHACO;LIBERTADOR GENERAL SAN MARTIN
CHACO;MAIPU
CHACO;MAYOR LUIS J FONTANA
CHACO;O HIGGINS
CHACO;PRESIDENCIA DE LA PLAZA
CHACO;QUITILIPI
CHACO;SAN FERNANDO
CHACO;SAN LORENZO
CHACO;SARGENTO CABRAL
CHACO;TAPENAGA
CHUBUT;BIEDMA
CHUBUT;COMODORO RIVADAVIA
CHUBUT;CUSHAMEN
CHUBUT;ESCALANTE
CHUBUT;FLORENTINO AMEGHINO
CHUBUT;FUTALEUFU
CHUBUT;GAIMAN
CHUBUT;GASTRE
CHUBUT;LANGUIÑEO
CHUBUT;MARTIRES
CHUBUT;PASO DE INDIOS
CHUBUT;RAWSON
CHUBUT;RIO SENGUER
CHUBUT;SARMIENTO
CHUBUT;TEHUELCHES
CHUBUT;TELSEN
CIUDAD DE BUENOS AIRES;CIUDAD DE BUENOS AIRES
CORDOBA;CALAMUCHITA
CORDOBA;CAPITAL
CORDOBA;COLON
CORDOBA;CRUZ DEL EJE
CORDOBA;GENERAL ROCA
CORDOBA;GENERAL SAN MARTIN
CORDOBA;ISCHILIN
CORDOBA;JUAREZ CELMAN
CORDOBA;MARCOS JUAREZ
CORDOBA;MINAS
CORDOBA;POCHO
CORDOBA;PRESIDENTE ROQUE SAENZ PEÑA
CORDOBA;PUNILLA
CORDOBA;RIO CUARTO
CORDOBA;RIO PRIMERO
CORDOBA;RIO SECO
CORDOBA;RIO SEGUNDO
CORDOBA;SAN ALBERTO
CORDOBA;SAN JAVIER
CORDOBA;SAN JUSTO
CORDOBA;SANTA MARIA
CORDOBA;SOBREMONTE
CORDOBA;TERCERO ARRIBA
CORDOBA;TOTORAL
CORDOBA;TULUMBA
CORDOBA;UNION
CORRIENTES;BELLA VISTA
CORRIENTES;BERON DE ASTRADA
CORRIENTES;CAPITAL
CORRIENTES;CONCEPCION
CORRIENTES;CURUZU CUATIA
CORRIENTES;EMPEDRADO
CORRIENTES;ESQUINA
CORRIENTES;GENERAL ALVEAR
CORRIENTES;GENERAL PAZ
CORRIENTES;GOYA
CORRIENTES;ITATI
CORRIENTES;ITUZAINGO
CORRIENTES;LAVALLE
CORRIENTES;MBURUCUYA
CORRIENTES;MERCEDES
CORRIENTES;MONTE CASEROS
CORRIENTES;PASO DE LOS LIBRES
CORRIENTES;SALADAS
CORRIENTES;SAN COSME
CORRIENTES;SAN LUIS DEL PALMAR
CORRIENTES;SAN MARTIN
CORRIENTES;SAN MIGUEL
CORRIENTES;SAN ROQUE
CORRIENTES;SANTO TOME
CORRIENTES;SAUCE
ENTRE RIOS;COLON
ENTRE RIOS;CONCORDIA
ENTRE RIOS;DIAMANTE
ENTRE RIOS;FEDERACION
ENTRE RIOS;FEDERAL
ENTRE RIOS;FELICIANO
ENTRE RIOS;GUALEGUAY
ENTRE RIOS;GUALEGUAYCHU
ENTRE RIOS;ISLAS DEL IBICUY
ENTRE RIOS;LA PAZ
ENTRE RIOS;NOGOYA
ENTRE RIOS;PARANA
ENTRE RIOS;SAN SALVADOR
ENTRE RIOS;TALA
ENTRE RIOS;URUGUAY
ENTRE RIOS;VICTORIA
ENTRE RIOS;VILLAGUAY
FORMOSA;BERMEJO
FORMOSA;FORMOSA
FORMOSA;LAISHI
FORMOSA;MATACOS
FORMOSA;PATIÑO
FORMOSA;PILAGAS
FORMOSA;PILCOMAYO
FORMOSA;PIRANE
FORMOSA;RAMON LISTA
JUJUY;COCHINOCA
JUJUY;DOCTOR MANUEL BELGRANO
JUJUY;EL CARMEN
JUJUY;HUMAHUACA
JUJUY;LEDESMA
JUJUY;PALPALA
JUJUY;RINCONADA
JUJUY;SAN ANTONIO
JUJUY;SAN PEDRO
JUJUY;SANTA BARBARA
JUJUY;SANTA CATALINA
JUJUY;SUSQUES
JUJUY;TILCARA
JUJUY;TUMBAYA
JUJUY;VALLE GRANDE
JUJUY;YAVI
LA PAMPA;ATREUCO
LA PAMPA;CALEU CALEU
LA PAMPA;CAPITAL
LA PAMPA;CATRILO
LA PAMPA;CHALILEO
LA PAMPA;CHAPALEUFU
LA PAMPA;CHICAL CO
LA PAMPA;CONHELO
LA PAMPA;CURACO
LA PAMPA;GUATRACHE
LA PAMPA;HUCAL
LA PAMPA;LIHUEL CALEL
LA PAMPA;LIMAY MAHUIDA
LA PAMPA;LOVENTUE
LA PAMPA;MARACO
LA PAMPA;PUELEN
LA PAMPA;QUEMU QUEMU
LA PAMPA;RANCUL
LA PAMPA;REALICO
LA PAMPA;TOAY
LA PAMPA;TRENEL
LA PAMPA;UTRACAN
LA RIOJA;ARAUCO
LA RIOJA;CAPITAL
LA RIOJA;CASTRO BARROS
LA RIOJA;CHAMICAL
LA RIOJA;CHILECITO
LA RIOJA;CORONEL FELIPE VARELA
LA RIOJA;FAMATINA
LA RIOJA;GENERAL ANGEL VERA PEÑALOZA
LA RIOJA;GENERAL BELGRANO
LA RIOJA;GENERAL JUAN F QUIROGA
LA RIOJA;GENERAL LAMADRID
LA RIOJA;GENERAL OCAMPO
LA RIOJA;GENERAL SAN MARTIN
LA RIOJA;INDEPENDENCIA
LA RIOJA;ROSARIO VERA PEÑALOZA
LA RIOJA;SAN BLAS DE LOS SAUCES
LA RIOJA;SANAGASTA
LA RIOJA;VINCHINA
MENDOZA;CAPITAL
MENDOZA;GENERAL ALVEAR
MENDOZA;GODOY CRUZ
MENDOZA;GUAYMALLEN
MENDOZA;JUNIN
MENDOZA;LA PAZ
MENDOZA;LAS HERAS
MENDOZA;LAVALLE
MENDOZA;LUJAN DE CUYO
MENDOZA;MAIPU
MENDOZA;MALARGUE
MENDOZA;RIVADAVIA
MENDOZA;SAN CARLOS
MENDOZA;SAN MARTIN
MENDOZA;SAN RAFAEL
MENDOZA;SANTA ROSA
MENDOZA;TUNUYAN
MENDOZA;TUPUNGATO
MISIONES;25 DE MAYO
MISIONES;APOSTOLES
MISIONES;CAINGUAS
MISIONES;CANDELARIA
MISIONES;CAPITAL
MISIONES;CONCEPCION
MISIONES;ELDORADO
MISIONES;GENERAL MANUEL BELGRANO
MISIONES;GUARANI
MISIONES;IGUAZU
MISIONES;LEANDRO N. ALEM
MISIONES;LIBERTADOR GENERAL SAN MARTIN
MISIONES;MONTECARLO
MISIONES;OBERA
MISIONES;SAN IGNACIO
MISIONES;SAN JAVIER
MISIONES;SAN PEDRO
NEUQUEN;ALUMINE
NEUQUEN;AÑELO
NEUQUEN;CATAN LIL
NEUQUEN;CHOS MALAL
NEUQUEN;COLLON CURA
NEUQUEN;CONFLUENCIA
NEUQUEN;HUILICHES
NEUQUEN;LACAR
NEUQUEN;LONCOPUE
NEUQUEN;LOS LAGOS
NEUQUEN;MINAS
NEUQUEN;ÑORQUIN
NEUQUEN;PEHUENCHES
NEUQUEN;PICUN LEUFU
NEUQUEN;PICUNCHES
NEUQUEN;ZAPALA
RIO NEGRO;25 DE MAYO
RIO NEGRO;9 DE JULIO
RIO NEGRO;ADOLFO ALSINA
RIO NEGRO;AVELLANEDA
RIO NEGRO;BARILOCHE
RIO NEGRO;CONESA
RIO NEGRO;EL CUY
RIO NEGRO;GENERAL ROCA
RIO NEGRO;ÑORQUINCO
RIO NEGRO;PICHI MAHUIDA
RIO NEGRO;PILCANIYEU
RIO NEGRO;SAN ANTONIO
RIO NEGRO;VALCHETA
SALTA;ANTA
SALTA;CACHI
SALTA;CAFAYATE
SALTA;CAPITAL
SALTA;CERRILLOS
SALTA;CHICOANA
SALTA;GENERAL GUEMES
SALTA;GENERAL JOSE DE SAN MARTIN
SALTA;GUACHIPAS
SALTA;IRUYA
SALTA;LA CALDERA
SALTA;LA CANDELARIA
SALTA;LA POMA
SALTA;LA VIÑA
SALTA;LOS ANDES
SALTA;METAN
SALTA;MOLINOS
SALTA;ORAN
SALTA;RIVADAVIA
SALTA;ROSARIO DE LA FRONTERA
SALTA;ROSARIO DE LERMA
SALTA;SAN CARLOS
SALTA;SANTA VICTORIA
SAN JUAN;25 DE MAYO
SAN JUAN;9 DE JULIO
SAN JUAN;ALBARDON
SAN JUAN;ANGACO
SAN JUAN;CALINGASTA
SAN JUAN;CAPITAL
SAN JUAN;CAUCETE
SAN JUAN;CHIMBAS
SAN JUAN;IGLESIA
SAN JUAN;JACHAL
SAN JUAN;POCITO
SAN JUAN;RAWSON
SAN JUAN;RIVADAVIA
SAN JUAN;SAN MARTIN
SAN JUAN;SANTA LUCIA
SAN JUAN;SARMIENTO
SAN JUAN;ULLUM
SAN JUAN;VALLE FERTIL
SAN JUAN;ZONDA
SAN LUIS;AYACUCHO
SAN LUIS;BELGRANO
SAN LUIS;CHACABUCO
SAN LUIS;CORONEL PRINGLES
SAN LUIS;GENERAL PEDERNERA
SAN LUIS;GOBERNADOR DUPUY
SAN LUIS;JUAN MARTIN DE PUEYRREDON
SAN LUIS;JUNIN
SAN LUIS;LIBERTADOR GENERAL SAN MARTIN
SANTA CRUZ;CORPEN AIKE
SANTA CRUZ;DESEADO
SANTA CRUZ;GUER AIKE
SANTA CRUZ;LAGO ARGENTINO
SANTA CRUZ;LAGO BUENOS AIRES
SANTA CRUZ;MAGALLANES
SANTA CRUZ;RIO CHICO
SANTA FE;9 DE JULIO
SANTA FE;BELGRANO
SANTA FE;CASEROS
SANTA FE;CASTELLANOS
SANTA FE;CONSTITUCION
SANTA FE;GARAY
SANTA FE;GENERAL LOPEZ
SANTA FE;GENERAL OBLIGADO
SANTA FE;IRIONDO
SANTA FE;LA CAPITAL
SANTA FE;LAS COLONIAS
SANTA FE;ROSARIO
SANTA FE;SAN CRISTOBAL
SANTA FE;SAN JAVIER
SANTA FE;SAN JERONIMO
SANTA FE;SAN JUSTO
SANTA FE;SAN LORENZO
SANTA FE;SAN MARTIN
SANTA FE;VERA
SANTIAGO DEL ESTERO;AGUIRRE
SANTIAGO DEL ESTERO;ALBERDI
SANTIAGO DEL ESTERO;ATAMISQUI
SANTIAGO DEL ESTERO;AVELLANEDA
SANTIAGO DEL ESTERO;BANDA
SANTIAGO DEL ESTERO;BELGRANO
SANTIAGO DEL ESTERO;CAPITAL
SANTIAGO DEL ESTERO;CHOYA
SANTIAGO DEL ESTERO;COPO
SANTIAGO DEL ESTERO;FIGUEROA
SANTIAGO DEL ESTERO;GENERAL TABOADA
SANTIAGO DEL ESTERO;GUASAYAN
SANTIAGO DEL ESTERO;JIMENEZ
SANTIAGO DEL ESTERO;JUAN F IBARRA
SANTIAGO DEL ESTERO;LORETO
SANTIAGO DEL ESTERO;MITRE
SANTIAGO DEL ESTERO;MORENO
SANTIAGO DEL ESTERO;OJO DE AGUA
SANTIAGO DEL ESTERO;PELLEGRINI
SANTIAGO DEL ESTERO;QUEBRACHOS
SANTIAGO DEL ESTERO;RIO HONDO
SANTIAGO DEL ESTERO;RIVADAVIA
SANTIAGO DEL ESTERO;ROBLES
SANTIAGO DEL ESTERO;SALAVINA
SANTIAGO DEL ESTERO;SAN MARTIN
SANTIAGO DEL ESTERO;SARMIENTO
SANTIAGO DEL ESTERO;SILIPICA
TIERRA DEL FUEGO;ANTARTIDA ARGENTINA
TIERRA DEL FUEGO;ISLAS DEL ATLANTICO SUR
TIERRA DEL FUEGO;RIO GRANDE
TIERRA DEL FUEGO;TOLHUIN
TIERRA DEL FUEGO;USHUAIA
TUCUMAN;BURRUYACU
TUCUMAN;CAPITAL
TUCUMAN;CHICLIGASTA
TUCUMAN;CRUZ ALTA
TUCUMAN;FAMAILLA
TUCUMAN;GRANEROS
TUCUMAN;JUAN B ALBERDI
TUCUMAN;LA COCHA
TUCUMAN;LEALES
TUCUMAN;LULES
TUCUMAN;MONTEROS
TUCUMAN;RIO CHICO
TUCUMAN;SIMOCA
TUCUMAN;TAFI DEL VALLE
TUCUMAN;TAFI VIEJO
TUCUMAN;TRANCAS
TUCUMAN;YERBA BUENA
